AAPL,MSFT,GOOGL,TSLA,AMZN
0.0,1.0,0.0,3.3306690738754696e-16,1.3877787807814457e-16
